Domain,Status,Attractiveness,Demand,Length,Sectors,Created,Expires,Registrar
one.motorcycles,available,132,44%,3,"Business,General,Media,Technology",,,
second.motorcycles,available,120,23%,6,"General,Mathematics",,,
tenth.motorcycles,available,116,7%,5,Mathematics,,,
flat.motorcycles,available,116,24%,4,"Construction,Real Estate",,,
eight.motorcycles,available,102,23%,5,"General,Mathematics",,,
ninth.motorcycles,available,100,9%,5,Mathematics,,,
crack.motorcycles,available,100,20%,5,Sports,,,
eighth.motorcycles,available,100,6%,6,Mathematics,,,
sixth.motorcycles,available,100,8%,5,Mathematics,,,
third.motorcycles,available,100,16%,5,Mathematics,,,
twentieth.motorcycles,available,92,3%,9,Mathematics,,,
nought.motorcycles,available,92,4%,6,Mathematics,,,
leash.motorcycles,available,90,7%,5,"General,Health and Fitness,Retail",,,
eleven.motorcycles,available,88,33%,6,Mathematics,,,
twelve.motorcycles,available,88,18%,6,"General,Mathematics",,,
ten.motorcycles,available,88,28%,3,"General,Mathematics",,,
hundred.motorcycles,available,88,14%,7,Mathematics,,,
sixteen.motorcycles,available,88,11%,7,Mathematics,,,
ace.motorcycles,available,88,34%,3,Sports,,,
fifteen.motorcycles,available,88,13%,7,Mathematics,,,
three.motorcycles,available,88,24%,5,Mathematics,,,
xiv.motorcycles,available,86,12%,3,Mathematics,,,
xix.motorcycles,available,86,11%,3,Mathematics,,,
cipher.motorcycles,available,86,29%,6,Mathematics,,,
seventeen.motorcycles,available,84,7%,9,Mathematics,,,
thirteen.motorcycles,available,84,10%,8,Mathematics,,,
nineteen.motorcycles,available,84,8%,8,Mathematics,,,
twentytwo.motorcycles,available,84,11%,10,Mathematics,,,
twentyone.motorcycles,available,84,13%,10,Mathematics,,,
grand.motorcycles,available,84,25%,5,"Finance,General",,,
thousand.motorcycles,available,84,8%,8,Mathematics,,,
fourteen.motorcycles,available,84,8%,8,Mathematics,,,
dozen.motorcycles,available,82,10%,5,Mathematics,,,
fivesome.motorcycles,available,82,1%,8,Sports,,,
decade.motorcycles,available,82,10%,6,Mathematics,,,
trio.motorcycles,available,80,21%,4,Entertainment,,,
twenty.motorcycles,available,80,12%,6,Mathematics,,,
yard.motorcycles,available,80,26%,4,"Construction,General",,,
two.motorcycles,available,80,24%,3,Mathematics,,,
seventh.motorcycles,available,80,10%,7,Mathematics,,,
nine.motorcycles,available,80,24%,4,"General,Mathematics",,,
forty.motorcycles,available,80,9%,5,Mathematics,,,
first.motorcycles,available,80,36%,5,"General,Mathematics",,,
twentysix.motorcycles,available,78,8%,10,Mathematics,,,
sixtynine.motorcycles,available,78,8%,10,Mathematics,,,
threed.motorcycles,available,76,7%,7,Technology,,,
hundredth.motorcycles,available,76,1%,9,Mathematics,,,
fifteenth.motorcycles,available,76,2%,9,Mathematics,,,
fourteenth.motorcycles,available,76,1%,10,Mathematics,,,
thousandth.motorcycles,available,76,1%,10,Mathematics,,,
firstrate.motorcycles,available,76,6%,10,Business,,,
thirteenth.motorcycles,available,76,4%,10,Mathematics,,,
eighteen.motorcycles,available,76,7%,8,Mathematics,,,
nineteenth.motorcycles,available,76,3%,10,Mathematics,,,
single.motorcycles,available,74,19%,6,Sports,,,
ninetieth.motorcycles,available,72,1%,9,Mathematics,,,
trinity.motorcycles,available,72,18%,7,Religion,,,
sixtieth.motorcycles,available,72,1%,8,Mathematics,,,
seventieth.motorcycles,available,72,1%,10,Mathematics,,,
ternary.motorcycles,available,72,7%,7,Mathematics,,,
trey.motorcycles,available,72,14%,4,Sports,,,
eightieth.motorcycles,available,72,1%,9,Mathematics,,,
liv.motorcycles,available,72,27%,3,Mathematics,,,
tiptop.motorcycles,available,70,24%,6,Fashion,,,
unity.motorcycles,available,70,40%,5,Mathematics,,,
ane.motorcycles,available,68,12%,3,Mathematics,,,
fiftieth.motorcycles,available,68,0%,8,Mathematics,,,
septenary.motorcycles,available,68,1%,9,Mathematics,,,
foursome.motorcycles,available,68,4%,8,Sports,,,
ennead.motorcycles,available,68,5%,6,Mathematics,,,
sevener.motorcycles,available,68,1%,7,Mathematics,,,
fortieth.motorcycles,available,68,0%,8,Mathematics,,,
threesome.motorcycles,available,68,5%,9,Entertainment,,,
octonary.motorcycles,available,68,1%,8,Mathematics,,,
thirtieth.motorcycles,available,68,1%,9,Mathematics,,,
onec.motorcycles,available,66,6%,5,Mathematics,,,
xxi.motorcycles,available,66,10%,3,Mathematics,,,
latest.motorcycles,available,66,18%,6,Technology,,,
xviii.motorcycles,available,66,5%,5,Mathematics,,,
fifty.motorcycles,available,66,12%,5,Mathematics,,,
century.motorcycles,available,66,17%,7,Education,,,
xxv.motorcycles,available,66,6%,3,Mathematics,,,
xiii.motorcycles,available,66,9%,4,Mathematics,,,
xxvi.motorcycles,available,66,3%,4,Mathematics,,,
xvii.motorcycles,available,66,5%,4,Mathematics,,,
deuce.motorcycles,available,66,9%,5,Sports,,,
five.motorcycles,available,66,26%,4,Mathematics,,,
xvi.motorcycles,available,66,5%,3,Mathematics,,,
xxii.motorcycles,available,66,6%,4,Mathematics,,,
six.motorcycles,available,66,26%,3,Mathematics,,,
clv.motorcycles,available,66,10%,3,Mathematics,,,
tenner.motorcycles,available,66,5%,6,Finance,,,
acappella.motorcycles,available,66,6%,10,Entertainment,,,
thirty.motorcycles,available,66,8%,6,Mathematics,,,
ninety.motorcycles,available,66,11%,6,Mathematics,,,
four.motorcycles,available,66,27%,4,Mathematics,,,
eighty.motorcycles,available,66,6%,6,Mathematics,,,
sextet.motorcycles,available,66,1%,6,Entertainment,,,
xii.motorcycles,available,66,10%,3,Mathematics,,,
chiliad.motorcycles,available,62,2%,7,Mathematics,,,
fortyfour.motorcycles,available,62,6%,10,Mathematics,,,
longdozen.motorcycles,available,62,2%,10,Mathematics,,,
eighteenth.motorcycles,available,62,1%,10,Mathematics,,,
troika.motorcycles,available,62,8%,6,Politics,,,
twodozen.motorcycles,available,62,1%,9,Mathematics,,,
sixteenth.motorcycles,available,62,1%,9,Mathematics,,,
quartet.motorcycles,available,62,7%,7,"Arts,Entertainment",,,
eleventh.motorcycles,available,62,5%,8,Mathematics,,,
cxxx.motorcycles,available,60,4%,4,Mathematics,,,
cxl.motorcycles,available,60,7%,3,Mathematics,,,
cxxv.motorcycles,available,60,1%,4,Mathematics,,,
clx.motorcycles,available,60,10%,3,Mathematics,,,
clxv.motorcycles,available,60,1%,4,Mathematics,,,
cxxxv.motorcycles,available,60,2%,5,Mathematics,,,
cxv.motorcycles,available,60,4%,3,Mathematics,,,
sixty.motorcycles,available,60,13%,5,Mathematics,,,
clxxx.motorcycles,available,60,1%,5,Mathematics,,,
cxx.motorcycles,available,60,10%,3,Mathematics,,,
tertiary.motorcycles,available,60,4%,8,Education,,,
thou.motorcycles,available,60,7%,4,Mathematics,,,
eightysix.motorcycles,available,60,7%,10,Mathematics,,,
clxx.motorcycles,available,60,3%,4,Mathematics,,,
clxxv.motorcycles,available,60,1%,5,Mathematics,,,
cxlv.motorcycles,available,60,2%,4,Mathematics,,,
xcl.motorcycles,available,60,5%,3,Mathematics,,,
sixtyone.motorcycles,available,58,3%,9,Mathematics,,,
octad.motorcycles,available,58,5%,5,Mathematics,,,
tetrad.motorcycles,available,58,5%,6,Mathematics,,,
sextuplet.motorcycles,available,58,1%,9,Healthcare,,,
seventy.motorcycles,available,58,7%,7,Mathematics,,,
cypher.motorcycles,available,58,29%,6,Mathematics,,,
fifth.motorcycles,available,58,12%,5,Mathematics,,,
super.motorcycles,available,58,47%,5,Business,,,
heptad.motorcycles,available,58,1%,6,Mathematics,,,
centesimal.motorcycles,available,58,1%,10,Mathematics,,,
hexad.motorcycles,available,58,4%,5,Mathematics,,,
sixer.motorcycles,available,58,5%,5,Sports,,,
alacarte.motorcycles,available,58,11%,10,Food and Beverage,,,
lxxx.motorcycles,available,58,2%,4,Mathematics,,,
eighter.motorcycles,available,58,2%,7,Mathematics,,,
seven.motorcycles,available,58,36%,5,Mathematics,,,
fourscore.motorcycles,available,58,4%,9,Mathematics,,,
twelfth.motorcycles,available,58,2%,7,Mathematics,,,
fourth.motorcycles,available,58,13%,6,Mathematics,,,
pentad.motorcycles,available,58,2%,6,Mathematics,,,
niner.motorcycles,available,58,5%,5,Mathematics,,,
fiftyfive.motorcycles,available,56,7%,10,Mathematics,,,
xlii.motorcycles,available,56,5%,4,Mathematics,,,
xliv.motorcycles,available,56,2%,4,Mathematics,,,
halfdozen.motorcycles,available,56,1%,10,Mathematics,,,
xlvii.motorcycles,available,56,2%,5,Mathematics,,,
xxxi.motorcycles,available,56,9%,4,Mathematics,,,
thirtytwo.motorcycles,available,56,5%,10,Mathematics,,,
xxviii.motorcycles,available,56,1%,6,Mathematics,,,
fortysix.motorcycles,available,56,3%,9,Mathematics,,,
fiftysix.motorcycles,available,56,4%,9,Mathematics,,,
fortytwo.motorcycles,available,56,17%,9,Mathematics,,,
xxxiv.motorcycles,available,56,1%,5,Mathematics,,,
fiftyone.motorcycles,available,56,7%,9,Mathematics,,,
xlvi.motorcycles,available,56,3%,4,Mathematics,,,
lii.motorcycles,available,56,7%,3,Mathematics,,,
xxxii.motorcycles,available,56,1%,5,Mathematics,,,
fiftynine.motorcycles,available,56,4%,10,Mathematics,,,
lvi.motorcycles,available,56,8%,3,Mathematics,,,
xli.motorcycles,available,56,5%,3,Mathematics,,,
fiftyfour.motorcycles,available,56,3%,10,Mathematics,,,
xxiii.motorcycles,available,56,5%,5,Mathematics,,,
thirtysix.motorcycles,available,56,5%,10,Mathematics,,,
xlv.motorcycles,available,56,6%,3,Mathematics,,,
xxxvii.motorcycles,available,56,2%,6,Mathematics,,,
xlviii.motorcycles,available,56,1%,6,Mathematics,,,
xliii.motorcycles,available,56,1%,5,Mathematics,,,
xxiv.motorcycles,available,56,5%,4,Mathematics,,,
xxxiii.motorcycles,available,56,2%,6,Mathematics,,,
fortynine.motorcycles,available,56,3%,10,Mathematics,,,
liii.motorcycles,available,56,4%,4,Mathematics,,,
xxxviii.motorcycles,available,56,1%,7,Mathematics,,,
aone.motorcycles,available,56,15%,5,Food and Beverage,,,
lviii.motorcycles,available,56,1%,5,Mathematics,,,
xxxvi.motorcycles,available,56,1%,5,Mathematics,,,
fiftytwo.motorcycles,available,56,6%,9,Mathematics,,,
ilx.motorcycles,available,56,5%,3,Mathematics,,,
lvii.motorcycles,available,56,1%,4,Mathematics,,,
thirtyone.motorcycles,available,56,5%,10,Mathematics,,,
xxvii.motorcycles,available,56,3%,5,Mathematics,,,
fortyone.motorcycles,available,56,4%,9,Mathematics,,,
xxxv.motorcycles,available,56,4%,4,Mathematics,,,
xxix.motorcycles,available,56,4%,4,Mathematics,,,
quaternity.motorcycles,available,54,4%,10,Mathematics,,,
twoscore.motorcycles,available,54,2%,8,Mathematics,,,
topnotch.motorcycles,available,54,18%,8,Business,,,
vii.motorcycles,available,54,13%,3,Mathematics,,,
deuceace.motorcycles,available,54,2%,9,Sports,,,
quatern.motorcycles,available,54,2%,7,Mathematics,,,
viii.motorcycles,available,54,6%,4,Mathematics,,,
threescore.motorcycles,available,54,1%,10,Mathematics,,,
quaternion.motorcycles,available,54,6%,10,Mathematics,,,
fortyfive.motorcycles,available,54,4%,10,Mathematics,,,
lxxxvii.motorcycles,available,52,1%,7,Mathematics,,,
lxxv.motorcycles,available,52,1%,4,Mathematics,,,
lxxiv.motorcycles,available,52,1%,5,Mathematics,,,
sixtyfive.motorcycles,available,52,3%,10,Mathematics,,,
xcvii.motorcycles,available,52,1%,5,Mathematics,,,
xci.motorcycles,available,52,4%,3,Mathematics,,,
lxviii.motorcycles,available,52,1%,6,Mathematics,,,
lxxvi.motorcycles,available,52,1%,5,Mathematics,,,
xciii.motorcycles,available,52,1%,5,Mathematics,,,
ixc.motorcycles,available,52,5%,3,Mathematics,,,
lxii.motorcycles,available,52,1%,4,Mathematics,,,
xcviii.motorcycles,available,52,1%,6,Mathematics,,,
ixl.motorcycles,available,52,9%,3,Mathematics,,,
lxvii.motorcycles,available,52,1%,5,Mathematics,,,
sixtyfour.motorcycles,available,52,3%,10,Mathematics,,,
lxxi.motorcycles,available,52,1%,4,Mathematics,,,
ninetysix.motorcycles,available,52,4%,10,Mathematics,,,
lxiii.motorcycles,available,52,2%,5,Mathematics,,,
lxxii.motorcycles,available,52,1%,5,Mathematics,,,
lxxxvi.motorcycles,available,52,1%,6,Mathematics,,,
lxxxiv.motorcycles,available,52,1%,6,Mathematics,,,
lxvi.motorcycles,available,52,3%,4,Mathematics,,,
lxxxi.motorcycles,available,52,1%,5,Mathematics,,,
lxxvii.motorcycles,available,52,2%,6,Mathematics,,,
xcii.motorcycles,available,52,2%,4,Mathematics,,,
ninetyone.motorcycles,available,52,5%,10,Mathematics,,,
lxiv.motorcycles,available,52,3%,4,Mathematics,,,
lxxiii.motorcycles,available,52,1%,6,Mathematics,,,
lxxxii.motorcycles,available,52,1%,6,Mathematics,,,
sixtysix.motorcycles,available,52,4%,9,Mathematics,,,
lxxxiii.motorcycles,available,52,1%,7,Mathematics,,,
xcvi.motorcycles,available,52,2%,4,Mathematics,,,
eightytwo.motorcycles,available,52,4%,10,Mathematics,,,
lxxxv.motorcycles,available,52,1%,5,Mathematics,,,
eightyone.motorcycles,available,52,3%,10,Mathematics,,,
ninetytwo.motorcycles,available,52,4%,10,Mathematics,,,
xciv.motorcycles,available,52,2%,4,Mathematics,,,
sixtytwo.motorcycles,available,52,3%,9,Mathematics,,,
lxi.motorcycles,available,52,5%,3,Mathematics,,,
xcv.motorcycles,available,52,7%,3,Mathematics,,,
lxv.motorcycles,available,52,5%,3,Mathematics,,,
cinque.motorcycles,available,50,7%,6,Mathematics,,,
lxx.motorcycles,available,50,5%,3,Mathematics,,,
triplet.motorcycles,available,50,8%,7,Science,,,
ogdoad.motorcycles,available,50,1%,6,Mathematics,,,
lxxxviii.motorcycles,available,48,1%,8,Mathematics,,,
quaternary.motorcycles,available,46,3%,10,Mathematics,,,